<?xml version="1.0" encoding="UTF-8"?>
<!DOCTYPE configuration PUBLIC "-//mybatis.org//DTD Config 3.0//EN" "mybatis-3-config.dtd" >
<configuration>
	<!-- 设置Mybatis的log实现为LOG4J -->
	<settings>
		<setting name="logImpl" value="LOG4J" />
	</settings>
	<!-- 环境，可以配置多个，default：指定采用哪个环境 -->
	<environments default="test">
		<!-- id：唯一标识 -->
		<environment id="test">
		<!-- 事务管理器，JDBC类型的事务管理器 -->
			<transactionManager type="JDBC" />
			<!-- 数据源，池类型的数据源 -->
			<dataSource type="POOLED">
				<property name="driver" value="com.mysql.jdbc.Driver" />
				<property name="url"	value="jdbc:mysql://localhost:3306/gb?useUnicode=true&amp;characterEncoding=UTF-8" />
				<property name="username" value="root" />
				<property name="password" value="20010130wangzhun" />
			</dataSource>
		</environment>
	</environments>
	
	<!-- 配置mapper映射文件 -->
	<mappers>
		<mapper resource="mapper/OrderMapper.xml" />
		
	</mappers>

</configuration>